{"cameraMode":{"drawMode":0,"name":"Shaded","section":"Shading Mode"},"sceneLighting":false,"audioPlay":false,"sceneViewState":{"m_AlwaysRefresh":false,"showFog":true,"showSkybox":false,"showFlares":true,"showImageEffects":true,"showParticleSystems":true,"showVisualEffectGraphs":true,"m_FxEnabled":true},"in2DMode":false,"pivot":{"x":2.384185791015625e-7,"y":0.9433227777481079,"z":0.005041539669036865},"rotation":{"x":0.03675399720668793,"y":-0.647538423538208,"z":0.03132576122879982,"w":0.7605324387550354},"size":1.5885159969329835,"orthographic":false}