{"cameraMode":{"drawMode":0,"name":"Shaded","section":"Shading Mode"},"sceneLighting":false,"audioPlay":false,"sceneViewState":{"m_AlwaysRefresh":false,"showFog":true,"showSkybox":false,"showFlares":true,"showImageEffects":true,"showParticleSystems":true,"showVisualEffectGraphs":true,"m_FxEnabled":true},"in2DMode":false,"pivot":{"x":-0.004309475421905518,"y":0.12579640746116639,"z":0.045883722603321078},"rotation":{"x":0.18063829839229585,"y":-0.04339119791984558,"z":0.008008671924471856,"w":0.9825922250747681},"size":0.3781004250049591,"orthographic":false}