{"cameraMode":{"drawMode":0,"name":"Shaded","section":"Shading Mode"},"sceneLighting":false,"audioPlay":false,"sceneViewState":{"m_AlwaysRefresh":false,"showFog":true,"showSkybox":false,"showFlares":true,"showImageEffects":true,"showParticleSystems":true,"showVisualEffectGraphs":true,"m_FxEnabled":true},"in2DMode":false,"pivot":{"x":0.00037235021591186523,"y":0.9402338266372681,"z":-0.008905291557312012},"rotation":{"x":0.07941589504480362,"y":-0.7865144610404968,"z":0.10347557812929154,"w":0.6036490797996521},"size":1.2330381870269776,"orthographic":false}