{"cameraMode":{"drawMode":0,"name":"Shaded","section":"Shading Mode"},"sceneLighting":true,"audioPlay":false,"sceneViewState":{"m_AlwaysRefresh":false,"showFog":true,"showSkybox":true,"showFlares":true,"showImageEffects":true,"showParticleSystems":true,"showVisualEffectGraphs":true,"m_FxEnabled":true},"in2DMode":false,"pivot":{"x":3.3628928661346437,"y":0.8050000667572022,"z":-1.4901161193847657e-8},"rotation":{"x":-0.2845042049884796,"y":0.24580062925815583,"z":-0.0756751224398613,"w":-0.9235786199569702},"size":40.268455505371097,"orthographic":false}