{"cameraMode":{"drawMode":0,"name":"Shaded","section":"Shading Mode"},"sceneLighting":true,"audioPlay":false,"sceneViewState":{"m_AlwaysRefresh":false,"showFog":true,"showSkybox":true,"showFlares":true,"showImageEffects":true,"showParticleSystems":true,"showVisualEffectGraphs":true,"m_FxEnabled":true},"in2DMode":false,"pivot":{"x":87.91607666015625,"y":10.64281940460205,"z":9.585502624511719},"rotation":{"x":0.052977465093135837,"y":0.9468252062797546,"z":-0.2347210794687271,"w":0.21377477049827577},"size":16.143293380737306,"orthographic":false}