{"cameraMode":{"drawMode":0,"name":"Shaded","section":"Shading Mode"},"sceneLighting":true,"audioPlay":false,"sceneViewState":{"m_AlwaysRefresh":false,"showFog":true,"showSkybox":true,"showFlares":true,"showImageEffects":true,"showParticleSystems":true,"showVisualEffectGraphs":true,"m_FxEnabled":true},"in2DMode":false,"pivot":{"x":3.2108802795410158,"y":1.8105552196502686,"z":11.005495071411133},"rotation":{"x":0.017433155328035356,"y":0.9573717713356018,"z":-0.059263620525598529,"w":0.28236445784568789},"size":9.561614036560059,"orthographic":false}