{"cameraMode":{"drawMode":0,"name":"Shaded","section":"Shading Mode"},"sceneLighting":true,"audioPlay":false,"sceneViewState":{"m_AlwaysRefresh":false,"showFog":true,"showSkybox":true,"showFlares":true,"showImageEffects":true,"showParticleSystems":true,"showVisualEffectGraphs":true,"m_FxEnabled":true},"in2DMode":false,"pivot":{"x":-28.19256591796875,"y":8.580039978027344,"z":43.513580322265628},"rotation":{"x":-0.029242930933833123,"y":-0.8726412653923035,"z":0.48469215631484988,"w":-0.0527297705411911},"size":40.227500915527347,"orthographic":false}