{"cameraMode":{"drawMode":0,"name":"Shaded","section":"Shading Mode"},"sceneLighting":true,"audioPlay":false,"sceneViewState":{"m_AlwaysRefresh":false,"showFog":true,"showSkybox":true,"showFlares":true,"showImageEffects":true,"showParticleSystems":true,"showVisualEffectGraphs":true,"m_FxEnabled":true},"in2DMode":false,"pivot":{"x":621.5774536132813,"y":365.48968505859377,"z":-584.6732177734375},"rotation":{"x":0.11668581515550614,"y":-0.15992985665798188,"z":0.01903444714844227,"w":0.9800633192062378},"size":4.707155227661133,"orthographic":false}