{"cameraMode":{"drawMode":0,"name":"Shaded","section":"Shading Mode"},"sceneLighting":false,"audioPlay":false,"sceneViewState":{"m_AlwaysRefresh":false,"showFog":true,"showSkybox":false,"showFlares":true,"showImageEffects":true,"showParticleSystems":true,"showVisualEffectGraphs":true,"m_FxEnabled":true},"in2DMode":false,"pivot":{"x":0.0247361958026886,"y":0.4868062138557434,"z":0.1255742460489273},"rotation":{"x":0.03498305007815361,"y":0.26854458451271059,"z":-0.009700055234134198,"w":0.9626438021659851},"size":0.9003206491470337,"orthographic":false}